<?xml version="1.0" encoding="UTF-8"?>
<Configuration status="trace" strict="true">

  <!-- Setting the status to "trace" in the Configuration will display
       detailed log4j2-internal log statements on the console about what
       happens during the configuration process. The default setting
       is "warn". -->

  <Properties>
    <Property name="log.file.path">logs</Property>
  </Properties>

  <Appenders>
    <RollingFile name="ROOTLOG" 
      fileName="${log.file.path}/is.default.log"
      filePattern="${log.file.path}/is.default.log.%d{yyyy-MM-dd}"
      bufferedIO="true"
      append="true">
      <PatternLayout>
        <Pattern>%d{MM/dd/yyyy HH:mm:ss.SSS} %-5p %m%n</Pattern>
      </PatternLayout>
      <Policies>
        <TimeBasedTriggeringPolicy interval="1" modulate="true"/>
      </Policies>
    </RollingFile>

    <RollingFile name="ISAPPLOG" 
      fileName="${log.file.path}/is.app.log"
      filePattern="${log.file.path}/is.app.log.%d{yyyy-MM-dd}"
      bufferedIO="true"
      append="true">
      <PatternLayout>
        <Pattern>%d{MM/dd/yyyy HH:mm:ss.SSS} %-5p %m%n</Pattern>
      </PatternLayout>
      <Policies>
        <TimeBasedTriggeringPolicy interval="1" modulate="true"/>
      </Policies>
    </RollingFile>
  </Appenders>

  <Loggers>
    <Root level="info" additivity="false">
      <AppenderRef ref="ROOTLOG"/>
    </Root>

    <Logger name="IsApplicationLog" level="debug" additivity="false">
      <AppenderRef ref="ISAPPLOG"/>
    </Logger>
  </Loggers>

</Configuration>
