<?xml version="1.0" encoding="UTF-8"?>

<ServiceConfig version="1.0.0.0001">
  <system>
   
    <!-- 
      loggerConfigFile:
        Defines the name of the logger configuration file. If not specified
        the default of "log4j2.xml" is used.
    
    -->
 
    <property name="loggerConfigFile" type="String">log4j2.xml</property>
    
    <!-- 
      maxBackoutCount: 
        Defines the maximum number of times a message will be rolled back
        to its queue before the message flow will automatically shut down. 
        
        Note: A value of 10000 for maxBackoutCount coupled with a 
              rollBackDelay of 10000 ms. means the flow will run
              for about 69.5 days before shutting down.
    -->
           
    <property name="maxBackoutCount" type="integer">10000</property>

    <!--
      enableMaxBackoutCount:
        Defines whether or not a message flow will automatically shutdown
        when the "maxBackoutCount" has been reached on a message. The 
        implication is that the destination is unavailable and the appropriate
        alert should be generated when the flow stops.
        
        In a recovery situation, the value should be set temporarily to
        'false' to allow the message to be delivered (it will exceed the
        backout count), and then set back to 'true' after the recovery
        completes.
        
        Changing of the value should occur in the store specific configuration
        file (SigServiceConfig.xml) and not in this file.
        
        Valid values: true|false
    -->
    
    <property name="enableMaxBackoutCount" type="boolean">true</property>
    
    <!-- 
      rollbackDelay:
        Defines the delay in milliseconds applied to rolling back a
        message to a queue in a failure scenario. The process will
        sleep this number of milliseconds before failing the message
        so that it is rolled back.
    -->
    
    <property name="rollbackDelay" type="integer">10000</property>
    
    <!-- 
      configReloadInterval:
        Defines the interval, in milliseconds, between checks of 
        whether or not the store configuration has changed. If it
        has changed, it will be reloaded. A value of 0 indicates 
        that the configuration file will be checked on each access
        of the configuration as to whether or not it has changed.
        A more reasonable value is 900000 which will cause the
        file to be check at 15 minute intervals. Note that a 
        check to determine if the file has changed is essentially
        a 'stat' call and not a reload of the configuration (that
        would be just plain inefficient).
    -->
    
    <property name="configReloadInterval" type="integer">0</property>
    
    <!--
      publishErrors:
        Defines whether or not ERRORs should be published.
    -->
    
    <property name="publishErrors" type="boolean">true</property>
    
    <!--
      errorTopicString:
        Defines the base topic string used to publish errors. The ${TYPE}
        is set to indicate the type or origin of the error. 
    -->
    
    <property name="errorTopicString" type="string">STORE/ERROR/${TYPE}/${STORE}</property>
    
   
  </system>
  
  <application name="AceTlogProcessorService">
    <property name="isEnabled" type="boolean">false</property>
    <property name="debugMode" type="boolean">false</property>
	<property name="topicString" type="string">STORE/DATA/POS/TLOG/${STORE}</property>
    <property name="publishTlogXmlTopic" type="string">RETAIL/DATA/POS/TLOG/${TRANSACTION}/${STORE}</property>
	<property name="errorTopicTypeString" type="string">POS/TLOG/${OPERATION}</property>
  </application>
</ServiceConfig>
