<?xml version="1.0" encoding="UTF-8"?>

<ServiceConfig version="1.0.0">
  <system>
    <property name="maxBackoutCount" type="integer">10000</property>
    <property name="enableMaxBackoutCount" type="boolean">true</property>
    <property name="rollbackDelay" type="integer">5000</property>
    <property name="configReloadInterval" type="integer">10000</property>
  </system>

  <application name="AceTlogProcessorService">
    <property name="isEnabled" type="boolean">true</property>
    <property name="debugMode" type="boolean">true</property>
  </application>
</ServiceConfig>
